{
  "backpropType" : "Standard",
  "cacheMode" : "NONE",
  "dataType" : "FLOAT",
  "defaultConfiguration" : {
    "cacheMode" : "NONE",
    "dataType" : "FLOAT",
    "epochCount" : 0,
    "iterationCount" : 0,
    "layer" : null,
    "maxNumLineSearchIterations" : 5,
    "miniBatch" : true,
    "minimize" : true,
    "optimizationAlgo" : "STOCHASTIC_GRADIENT_DESCENT",
    "seed" : 1591241164711,
    "stepFunction" : null,
    "variables" : [ "conv2d_1_W", "batch_normalization_1_gamma", "batch_normalization_1_beta", "batch_normalization_1_mean", "batch_normalization_1_var", "conv2d_2_W", "batch_normalization_2_gamma", "batch_normalization_2_beta", "batch_normalization_2_mean", "batch_normalization_2_var", "conv2d_3_W", "conv2d_4_W", "batch_normalization_3_gamma", "batch_normalization_3_beta", "batch_normalization_3_mean", "batch_normalization_3_var", "conv2d_5_W", "batch_normalization_4_gamma", "batch_normalization_4_beta", "batch_normalization_4_mean", "batch_normalization_4_var", "conv2d_6_W", "batch_normalization_5_gamma", "batch_normalization_5_beta", "batch_normalization_5_mean", "batch_normalization_5_var", "conv2d_7_W", "batch_normalization_6_gamma", "batch_normalization_6_beta", "batch_normalization_6_mean", "batch_normalization_6_var", "conv2d_8_W", "conv2d_9_W", "batch_normalization_7_gamma", "batch_normalization_7_beta", "batch_normalization_7_mean", "batch_normalization_7_var", "conv2d_10_W", "batch_normalization_8_gamma", "batch_normalization_8_beta", "batch_normalization_8_mean", "batch_normalization_8_var", "conv2d_11_W", "batch_normalization_9_gamma", "batch_normalization_9_beta", "batch_normalization_9_mean", "batch_normalization_9_var", "conv2d_12_W", "batch_normalization_10_gamma", "batch_normalization_10_beta", "batch_normalization_10_mean", "batch_normalization_10_var", "conv2d_13_W", "conv2d_14_W", "batch_normalization_11_gamma", "batch_normalization_11_beta", "batch_normalization_11_mean", "batch_normalization_11_var", "conv2d_15_W", "batch_normalization_12_gamma", "batch_normalization_12_beta", "batch_normalization_12_mean", "batch_normalization_12_var", "conv2d_16_W", "batch_normalization_13_gamma", "batch_normalization_13_beta", "batch_normalization_13_mean", "batch_normalization_13_var", "pred_gender_W", "pred_age_W" ]
  },
  "epochCount" : 0,
  "inferenceWorkspaceMode" : "ENABLED",
  "iterationCount" : 0,
  "networkInputs" : [ "input_1" ],
  "networkOutputs" : [ "pred_gender", "pred_age" ],
  "tbpttBackLength" : 20,
  "tbpttFwdLength" : 20,
  "topologicalOrder" : [ 0, 1, 2, 3, 4, 8, 5, 6, 7, 9, 10, 11, 12, 13, 14, 15, 16, 17, 18, 19, 23, 20, 21, 22, 24, 25, 26, 27, 28, 29, 30, 31, 32, 33, 34, 38, 35, 36, 37, 39, 40, 41, 42, 43, 44, 45, 46, 47, 48, 49, 50, 51, 52 ],
  "topologicalOrderStr" : [ "input_1", "conv2d_1", "batch_normalization_1", "activation_1", "conv2d_2", "conv2d_4", "batch_normalization_2", "activation_2", "conv2d_3", "add_1", "batch_normalization_3", "activation_3", "conv2d_5", "batch_normalization_4", "activation_4", "conv2d_6", "add_2", "batch_normalization_5", "activation_5", "conv2d_7", "conv2d_9", "batch_normalization_6", "activation_6", "conv2d_8", "add_3", "batch_normalization_7", "activation_7", "conv2d_10", "batch_normalization_8", "activation_8", "conv2d_11", "add_4", "batch_normalization_9", "activation_9", "conv2d_12", "conv2d_14", "batch_normalization_10", "activation_10", "conv2d_13", "add_5", "batch_normalization_11", "activation_11", "conv2d_15", "batch_normalization_12", "activation_12", "conv2d_16", "add_6", "batch_normalization_13", "activation_13", "max_pooling2d_1", "flatten_1", "pred_gender", "pred_age" ],
  "trainingWorkspaceMode" : "ENABLED",
  "validateOutputLayerConfig" : true,
  "vertexInputs" : {
    "conv2d_1" : [ "input_1" ],
    "batch_normalization_1" : [ "conv2d_1" ],
    "activation_1" : [ "batch_normalization_1" ],
    "conv2d_2" : [ "activation_1" ],
    "batch_normalization_2" : [ "conv2d_2" ],
    "activation_2" : [ "batch_normalization_2" ],
    "conv2d_3" : [ "activation_2" ],
    "conv2d_4" : [ "activation_1" ],
    "add_1" : [ "conv2d_3", "conv2d_4" ],
    "batch_normalization_3" : [ "add_1" ],
    "activation_3" : [ "batch_normalization_3" ],
    "conv2d_5" : [ "activation_3" ],
    "batch_normalization_4" : [ "conv2d_5" ],
    "activation_4" : [ "batch_normalization_4" ],
    "conv2d_6" : [ "activation_4" ],
    "add_2" : [ "conv2d_6", "add_1" ],
    "batch_normalization_5" : [ "add_2" ],
    "activation_5" : [ "batch_normalization_5" ],
    "conv2d_7" : [ "activation_5" ],
    "batch_normalization_6" : [ "conv2d_7" ],
    "activation_6" : [ "batch_normalization_6" ],
    "conv2d_8" : [ "activation_6" ],
    "conv2d_9" : [ "activation_5" ],
    "add_3" : [ "conv2d_8", "conv2d_9" ],
    "batch_normalization_7" : [ "add_3" ],
    "activation_7" : [ "batch_normalization_7" ],
    "conv2d_10" : [ "activation_7" ],
    "batch_normalization_8" : [ "conv2d_10" ],
    "activation_8" : [ "batch_normalization_8" ],
    "conv2d_11" : [ "activation_8" ],
    "add_4" : [ "conv2d_11", "add_3" ],
    "batch_normalization_9" : [ "add_4" ],
    "activation_9" : [ "batch_normalization_9" ],
    "conv2d_12" : [ "activation_9" ],
    "batch_normalization_10" : [ "conv2d_12" ],
    "activation_10" : [ "batch_normalization_10" ],
    "conv2d_13" : [ "activation_10" ],
    "conv2d_14" : [ "activation_9" ],
    "add_5" : [ "conv2d_13", "conv2d_14" ],
    "batch_normalization_11" : [ "add_5" ],
    "activation_11" : [ "batch_normalization_11" ],
    "conv2d_15" : [ "activation_11" ],
    "batch_normalization_12" : [ "conv2d_15" ],
    "activation_12" : [ "batch_normalization_12" ],
    "conv2d_16" : [ "activation_12" ],
    "add_6" : [ "conv2d_16", "add_5" ],
    "batch_normalization_13" : [ "add_6" ],
    "activation_13" : [ "batch_normalization_13" ],
    "max_pooling2d_1" : [ "activation_13" ],
    "flatten_1" : [ "max_pooling2d_1" ],
    "pred_gender" : [ "flatten_1" ],
    "pred_age" : [ "flatten_1" ]
  },
  "vertices" : {
    "conv2d_1" : {
      "@class" : "org.deeplearning4j.nn.conf.graph.LayerVertex",
      "layerConf" : {
        "cacheMode" : "NONE",
        "dataType" : "FLOAT",
        "epochCount" : 0,
        "iterationCount" : 0,
        "layer" : {
          "@class" : "org.deeplearning4j.nn.conf.layers.ConvolutionLayer",
          "activationFn" : {
            "@class" : "org.nd4j.linalg.activations.impl.ActivationIdentity"
          },
          "biasInit" : 0.0,
          "biasUpdater" : null,
          "constraints" : null,
          "convolutionMode" : "Same",
          "cudnnAlgoMode" : "PREFER_FASTEST",
          "cudnnAllowFallback" : true,
          "cudnnBwdDataAlgo" : null,
          "cudnnBwdFilterAlgo" : null,
          "cudnnFwdAlgo" : null,
          "dilation" : [ 1, 1 ],
          "gainInit" : 1.0,
          "gradientNormalization" : "None",
          "gradientNormalizationThreshold" : 1.0,
          "hasBias" : false,
          "idropout" : {
            "@class" : "org.deeplearning4j.nn.conf.dropout.Dropout",
            "p" : 1.0,
            "helperAllowFallback" : true,
            "initializedHelper" : false,
            "pschedule" : null
          },
          "iupdater" : {
            "@class" : "org.nd4j.linalg.learning.config.Sgd",
            "learningRate" : 0.001
          },
          "kernelSize" : [ 3, 3 ],
          "layerName" : "conv2d_1",
          "nin" : 3,
          "nout" : 16,
          "padding" : [ 0, 0 ],
          "regularization" : [ {
            "@class" : "org.nd4j.linalg.learning.regularization.L2Regularization",
            "l2" : {
              "@class" : "org.nd4j.linalg.schedule.FixedSchedule",
              "value" : 5.000000237487257E-4
            }
          } ],
          "regularizationBias" : [ ],
          "stride" : [ 1, 1 ],
          "weightInitFn" : {
            "@class" : "org.deeplearning4j.nn.weights.WeightInitVarScalingNormalFanIn",
            "scale" : 2.0
          },
          "weightNoise" : null
        },
        "maxNumLineSearchIterations" : 5,
        "miniBatch" : true,
        "minimize" : true,
        "optimizationAlgo" : "STOCHASTIC_GRADIENT_DESCENT",
        "seed" : 1591241164711,
        "stepFunction" : null,
        "variables" : [ "W" ]
      },
      "outputVertex" : false,
      "preProcessor" : null
    },
    "batch_normalization_1" : {
      "@class" : "org.deeplearning4j.nn.conf.graph.LayerVertex",
      "layerConf" : {
        "cacheMode" : "NONE",
        "dataType" : "FLOAT",
        "epochCount" : 0,
        "iterationCount" : 0,
        "layer" : {
          "@class" : "org.deeplearning4j.nn.conf.layers.BatchNormalization",
          "activationFn" : {
            "@class" : "org.nd4j.linalg.activations.impl.ActivationSigmoid"
          },
          "beta" : 0.0,
          "biasInit" : 0.0,
          "biasUpdater" : null,
          "constraints" : null,
          "cudnnAllowFallback" : true,
          "decay" : 0.99,
          "eps" : 0.001,
          "gainInit" : 1.0,
          "gamma" : 1.0,
          "gradientNormalization" : "None",
          "gradientNormalizationThreshold" : 1.0,
          "idropout" : {
            "@class" : "org.deeplearning4j.nn.conf.dropout.Dropout",
            "p" : 1.0,
            "helperAllowFallback" : true,
            "initializedHelper" : false,
            "pschedule" : null
          },
          "iupdater" : {
            "@class" : "org.nd4j.linalg.learning.config.Sgd",
            "learningRate" : 0.001
          },
          "layerName" : "batch_normalization_1",
          "lockGammaBeta" : false,
          "minibatch" : true,
          "nin" : 16,
          "nout" : 16,
          "regularization" : [ ],
          "regularizationBias" : [ ],
          "useLogStd" : false,
          "weightInitFn" : {
            "@class" : "org.deeplearning4j.nn.weights.WeightInitXavier"
          },
          "weightNoise" : null
        },
        "maxNumLineSearchIterations" : 5,
        "miniBatch" : true,
        "minimize" : true,
        "optimizationAlgo" : "STOCHASTIC_GRADIENT_DESCENT",
        "seed" : 1591241164711,
        "stepFunction" : null,
        "variables" : [ "gamma", "beta", "mean", "var" ]
      },
      "outputVertex" : false,
      "preProcessor" : null
    },
    "activation_1" : {
      "@class" : "org.deeplearning4j.nn.conf.graph.LayerVertex",
      "layerConf" : {
        "cacheMode" : "NONE",
        "dataType" : "FLOAT",
        "epochCount" : 0,
        "iterationCount" : 0,
        "layer" : {
          "@class" : "org.deeplearning4j.nn.conf.layers.ActivationLayer",
          "activationFn" : {
            "@class" : "org.nd4j.linalg.activations.impl.ActivationReLU"
          },
          "constraints" : null,
          "gradientNormalization" : "None",
          "gradientNormalizationThreshold" : 0.0,
          "idropout" : null,
          "layerName" : "activation_1"
        },
        "maxNumLineSearchIterations" : 5,
        "miniBatch" : true,
        "minimize" : true,
        "optimizationAlgo" : "STOCHASTIC_GRADIENT_DESCENT",
        "seed" : 1591241164711,
        "stepFunction" : null,
        "variables" : [ ]
      },
      "outputVertex" : false,
      "preProcessor" : null
    },
    "conv2d_2" : {
      "@class" : "org.deeplearning4j.nn.conf.graph.LayerVertex",
      "layerConf" : {
        "cacheMode" : "NONE",
        "dataType" : "FLOAT",
        "epochCount" : 0,
        "iterationCount" : 0,
        "layer" : {
          "@class" : "org.deeplearning4j.nn.conf.layers.ConvolutionLayer",
          "activationFn" : {
            "@class" : "org.nd4j.linalg.activations.impl.ActivationIdentity"
          },
          "biasInit" : 0.0,
          "biasUpdater" : null,
          "constraints" : null,
          "convolutionMode" : "Same",
          "cudnnAlgoMode" : "PREFER_FASTEST",
          "cudnnAllowFallback" : true,
          "cudnnBwdDataAlgo" : null,
          "cudnnBwdFilterAlgo" : null,
          "cudnnFwdAlgo" : null,
          "dilation" : [ 1, 1 ],
          "gainInit" : 1.0,
          "gradientNormalization" : "None",
          "gradientNormalizationThreshold" : 1.0,
          "hasBias" : false,
          "idropout" : {
            "@class" : "org.deeplearning4j.nn.conf.dropout.Dropout",
            "p" : 1.0,
            "helperAllowFallback" : true,
            "initializedHelper" : false,
            "pschedule" : null
          },
          "iupdater" : {
            "@class" : "org.nd4j.linalg.learning.config.Sgd",
            "learningRate" : 0.001
          },
          "kernelSize" : [ 3, 3 ],
          "layerName" : "conv2d_2",
          "nin" : 16,
          "nout" : 128,
          "padding" : [ 0, 0 ],
          "regularization" : [ {
            "@class" : "org.nd4j.linalg.learning.regularization.L2Regularization",
            "l2" : {
              "@class" : "org.nd4j.linalg.schedule.FixedSchedule",
              "value" : 5.000000237487257E-4
            }
          } ],
          "regularizationBias" : [ ],
          "stride" : [ 1, 1 ],
          "weightInitFn" : {
            "@class" : "org.deeplearning4j.nn.weights.WeightInitVarScalingNormalFanIn",
            "scale" : 2.0
          },
          "weightNoise" : null
        },
        "maxNumLineSearchIterations" : 5,
        "miniBatch" : true,
        "minimize" : true,
        "optimizationAlgo" : "STOCHASTIC_GRADIENT_DESCENT",
        "seed" : 1591241164711,
        "stepFunction" : null,
        "variables" : [ "W" ]
      },
      "outputVertex" : false,
      "preProcessor" : null
    },
    "batch_normalization_2" : {
      "@class" : "org.deeplearning4j.nn.conf.graph.LayerVertex",
      "layerConf" : {
        "cacheMode" : "NONE",
        "dataType" : "FLOAT",
        "epochCount" : 0,
        "iterationCount" : 0,
        "layer" : {
          "@class" : "org.deeplearning4j.nn.conf.layers.BatchNormalization",
          "activationFn" : {
            "@class" : "org.nd4j.linalg.activations.impl.ActivationSigmoid"
          },
          "beta" : 0.0,
          "biasInit" : 0.0,
          "biasUpdater" : null,
          "constraints" : null,
          "cudnnAllowFallback" : true,
          "decay" : 0.99,
          "eps" : 0.001,
          "gainInit" : 1.0,
          "gamma" : 1.0,
          "gradientNormalization" : "None",
          "gradientNormalizationThreshold" : 1.0,
          "idropout" : {
            "@class" : "org.deeplearning4j.nn.conf.dropout.Dropout",
            "p" : 1.0,
            "helperAllowFallback" : true,
            "initializedHelper" : false,
            "pschedule" : null
          },
          "iupdater" : {
            "@class" : "org.nd4j.linalg.learning.config.Sgd",
            "learningRate" : 0.001
          },
          "layerName" : "batch_normalization_2",
          "lockGammaBeta" : false,
          "minibatch" : true,
          "nin" : 128,
          "nout" : 128,
          "regularization" : [ ],
          "regularizationBias" : [ ],
          "useLogStd" : false,
          "weightInitFn" : {
            "@class" : "org.deeplearning4j.nn.weights.WeightInitXavier"
          },
          "weightNoise" : null
        },
        "maxNumLineSearchIterations" : 5,
        "miniBatch" : true,
        "minimize" : true,
        "optimizationAlgo" : "STOCHASTIC_GRADIENT_DESCENT",
        "seed" : 1591241164711,
        "stepFunction" : null,
        "variables" : [ "gamma", "beta", "mean", "var" ]
      },
      "outputVertex" : false,
      "preProcessor" : null
    },
    "activation_2" : {
      "@class" : "org.deeplearning4j.nn.conf.graph.LayerVertex",
      "layerConf" : {
        "cacheMode" : "NONE",
        "dataType" : "FLOAT",
        "epochCount" : 0,
        "iterationCount" : 0,
        "layer" : {
          "@class" : "org.deeplearning4j.nn.conf.layers.ActivationLayer",
          "activationFn" : {
            "@class" : "org.nd4j.linalg.activations.impl.ActivationReLU"
          },
          "constraints" : null,
          "gradientNormalization" : "None",
          "gradientNormalizationThreshold" : 0.0,
          "idropout" : null,
          "layerName" : "activation_2"
        },
        "maxNumLineSearchIterations" : 5,
        "miniBatch" : true,
        "minimize" : true,
        "optimizationAlgo" : "STOCHASTIC_GRADIENT_DESCENT",
        "seed" : 1591241164711,
        "stepFunction" : null,
        "variables" : [ ]
      },
      "outputVertex" : false,
      "preProcessor" : null
    },
    "conv2d_3" : {
      "@class" : "org.deeplearning4j.nn.conf.graph.LayerVertex",
      "layerConf" : {
        "cacheMode" : "NONE",
        "dataType" : "FLOAT",
        "epochCount" : 0,
        "iterationCount" : 0,
        "layer" : {
          "@class" : "org.deeplearning4j.nn.conf.layers.ConvolutionLayer",
          "activationFn" : {
            "@class" : "org.nd4j.linalg.activations.impl.ActivationIdentity"
          },
          "biasInit" : 0.0,
          "biasUpdater" : null,
          "constraints" : null,
          "convolutionMode" : "Same",
          "cudnnAlgoMode" : "PREFER_FASTEST",
          "cudnnAllowFallback" : true,
          "cudnnBwdDataAlgo" : null,
          "cudnnBwdFilterAlgo" : null,
          "cudnnFwdAlgo" : null,
          "dilation" : [ 1, 1 ],
          "gainInit" : 1.0,
          "gradientNormalization" : "None",
          "gradientNormalizationThreshold" : 1.0,
          "hasBias" : false,
          "idropout" : {
            "@class" : "org.deeplearning4j.nn.conf.dropout.Dropout",
            "p" : 1.0,
            "helperAllowFallback" : true,
            "initializedHelper" : false,
            "pschedule" : null
          },
          "iupdater" : {
            "@class" : "org.nd4j.linalg.learning.config.Sgd",
            "learningRate" : 0.001
          },
          "kernelSize" : [ 3, 3 ],
          "layerName" : "conv2d_3",
          "nin" : 128,
          "nout" : 128,
          "padding" : [ 0, 0 ],
          "regularization" : [ {
            "@class" : "org.nd4j.linalg.learning.regularization.L2Regularization",
            "l2" : {
              "@class" : "org.nd4j.linalg.schedule.FixedSchedule",
              "value" : 5.000000237487257E-4
            }
          } ],
          "regularizationBias" : [ ],
          "stride" : [ 1, 1 ],
          "weightInitFn" : {
            "@class" : "org.deeplearning4j.nn.weights.WeightInitVarScalingNormalFanIn",
            "scale" : 2.0
          },
          "weightNoise" : null
        },
        "maxNumLineSearchIterations" : 5,
        "miniBatch" : true,
        "minimize" : true,
        "optimizationAlgo" : "STOCHASTIC_GRADIENT_DESCENT",
        "seed" : 1591241164711,
        "stepFunction" : null,
        "variables" : [ "W" ]
      },
      "outputVertex" : false,
      "preProcessor" : null
    },
    "conv2d_4" : {
      "@class" : "org.deeplearning4j.nn.conf.graph.LayerVertex",
      "layerConf" : {
        "cacheMode" : "NONE",
        "dataType" : "FLOAT",
        "epochCount" : 0,
        "iterationCount" : 0,
        "layer" : {
          "@class" : "org.deeplearning4j.nn.conf.layers.ConvolutionLayer",
          "activationFn" : {
            "@class" : "org.nd4j.linalg.activations.impl.ActivationIdentity"
          },
          "biasInit" : 0.0,
          "biasUpdater" : null,
          "constraints" : null,
          "convolutionMode" : "Same",
          "cudnnAlgoMode" : "PREFER_FASTEST",
          "cudnnAllowFallback" : true,
          "cudnnBwdDataAlgo" : null,
          "cudnnBwdFilterAlgo" : null,
          "cudnnFwdAlgo" : null,
          "dilation" : [ 1, 1 ],
          "gainInit" : 1.0,
          "gradientNormalization" : "None",
          "gradientNormalizationThreshold" : 1.0,
          "hasBias" : false,
          "idropout" : {
            "@class" : "org.deeplearning4j.nn.conf.dropout.Dropout",
            "p" : 1.0,
            "helperAllowFallback" : true,
            "initializedHelper" : false,
            "pschedule" : null
          },
          "iupdater" : {
            "@class" : "org.nd4j.linalg.learning.config.Sgd",
            "learningRate" : 0.001
          },
          "kernelSize" : [ 1, 1 ],
          "layerName" : "conv2d_4",
          "nin" : 16,
          "nout" : 128,
          "padding" : [ 0, 0 ],
          "regularization" : [ {
            "@class" : "org.nd4j.linalg.learning.regularization.L2Regularization",
            "l2" : {
              "@class" : "org.nd4j.linalg.schedule.FixedSchedule",
              "value" : 5.000000237487257E-4
            }
          } ],
          "regularizationBias" : [ ],
          "stride" : [ 1, 1 ],
          "weightInitFn" : {
            "@class" : "org.deeplearning4j.nn.weights.WeightInitVarScalingNormalFanIn",
            "scale" : 2.0
          },
          "weightNoise" : null
        },
        "maxNumLineSearchIterations" : 5,
        "miniBatch" : true,
        "minimize" : true,
        "optimizationAlgo" : "STOCHASTIC_GRADIENT_DESCENT",
        "seed" : 1591241164711,
        "stepFunction" : null,
        "variables" : [ "W" ]
      },
      "outputVertex" : false,
      "preProcessor" : null
    },
    "add_1" : {
      "@class" : "org.deeplearning4j.nn.conf.graph.ElementWiseVertex",
      "op" : "Add"
    },
    "batch_normalization_3" : {
      "@class" : "org.deeplearning4j.nn.conf.graph.LayerVertex",
      "layerConf" : {
        "cacheMode" : "NONE",
        "dataType" : "FLOAT",
        "epochCount" : 0,
        "iterationCount" : 0,
        "layer" : {
          "@class" : "org.deeplearning4j.nn.conf.layers.BatchNormalization",
          "activationFn" : {
            "@class" : "org.nd4j.linalg.activations.impl.ActivationSigmoid"
          },
          "beta" : 0.0,
          "biasInit" : 0.0,
          "biasUpdater" : null,
          "constraints" : null,
          "cudnnAllowFallback" : true,
          "decay" : 0.99,
          "eps" : 0.001,
          "gainInit" : 1.0,
          "gamma" : 1.0,
          "gradientNormalization" : "None",
          "gradientNormalizationThreshold" : 1.0,
          "idropout" : {
            "@class" : "org.deeplearning4j.nn.conf.dropout.Dropout",
            "p" : 1.0,
            "helperAllowFallback" : true,
            "initializedHelper" : false,
            "pschedule" : null
          },
          "iupdater" : {
            "@class" : "org.nd4j.linalg.learning.config.Sgd",
            "learningRate" : 0.001
          },
          "layerName" : "batch_normalization_3",
          "lockGammaBeta" : false,
          "minibatch" : true,
          "nin" : 128,
          "nout" : 128,
          "regularization" : [ ],
          "regularizationBias" : [ ],
          "useLogStd" : false,
          "weightInitFn" : {
            "@class" : "org.deeplearning4j.nn.weights.WeightInitXavier"
          },
          "weightNoise" : null
        },
        "maxNumLineSearchIterations" : 5,
        "miniBatch" : true,
        "minimize" : true,
        "optimizationAlgo" : "STOCHASTIC_GRADIENT_DESCENT",
        "seed" : 1591241164711,
        "stepFunction" : null,
        "variables" : [ "gamma", "beta", "mean", "var" ]
      },
      "outputVertex" : false,
      "preProcessor" : null
    },
    "activation_3" : {
      "@class" : "org.deeplearning4j.nn.conf.graph.LayerVertex",
      "layerConf" : {
        "cacheMode" : "NONE",
        "dataType" : "FLOAT",
        "epochCount" : 0,
        "iterationCount" : 0,
        "layer" : {
          "@class" : "org.deeplearning4j.nn.conf.layers.ActivationLayer",
          "activationFn" : {
            "@class" : "org.nd4j.linalg.activations.impl.ActivationReLU"
          },
          "constraints" : null,
          "gradientNormalization" : "None",
          "gradientNormalizationThreshold" : 0.0,
          "idropout" : null,
          "layerName" : "activation_3"
        },
        "maxNumLineSearchIterations" : 5,
        "miniBatch" : true,
        "minimize" : true,
        "optimizationAlgo" : "STOCHASTIC_GRADIENT_DESCENT",
        "seed" : 1591241164711,
        "stepFunction" : null,
        "variables" : [ ]
      },
      "outputVertex" : false,
      "preProcessor" : null
    },
    "conv2d_5" : {
      "@class" : "org.deeplearning4j.nn.conf.graph.LayerVertex",
      "layerConf" : {
        "cacheMode" : "NONE",
        "dataType" : "FLOAT",
        "epochCount" : 0,
        "iterationCount" : 0,
        "layer" : {
          "@class" : "org.deeplearning4j.nn.conf.layers.ConvolutionLayer",
          "activationFn" : {
            "@class" : "org.nd4j.linalg.activations.impl.ActivationIdentity"
          },
          "biasInit" : 0.0,
          "biasUpdater" : null,
          "constraints" : null,
          "convolutionMode" : "Same",
          "cudnnAlgoMode" : "PREFER_FASTEST",
          "cudnnAllowFallback" : true,
          "cudnnBwdDataAlgo" : null,
          "cudnnBwdFilterAlgo" : null,
          "cudnnFwdAlgo" : null,
          "dilation" : [ 1, 1 ],
          "gainInit" : 1.0,
          "gradientNormalization" : "None",
          "gradientNormalizationThreshold" : 1.0,
          "hasBias" : false,
          "idropout" : {
            "@class" : "org.deeplearning4j.nn.conf.dropout.Dropout",
            "p" : 1.0,
            "helperAllowFallback" : true,
            "initializedHelper" : false,
            "pschedule" : null
          },
          "iupdater" : {
            "@class" : "org.nd4j.linalg.learning.config.Sgd",
            "learningRate" : 0.001
          },
          "kernelSize" : [ 3, 3 ],
          "layerName" : "conv2d_5",
          "nin" : 128,
          "nout" : 128,
          "padding" : [ 0, 0 ],
          "regularization" : [ {
            "@class" : "org.nd4j.linalg.learning.regularization.L2Regularization",
            "l2" : {
              "@class" : "org.nd4j.linalg.schedule.FixedSchedule",
              "value" : 5.000000237487257E-4
            }
          } ],
          "regularizationBias" : [ ],
          "stride" : [ 1, 1 ],
          "weightInitFn" : {
            "@class" : "org.deeplearning4j.nn.weights.WeightInitVarScalingNormalFanIn",
            "scale" : 2.0
          },
          "weightNoise" : null
        },
        "maxNumLineSearchIterations" : 5,
        "miniBatch" : true,
        "minimize" : true,
        "optimizationAlgo" : "STOCHASTIC_GRADIENT_DESCENT",
        "seed" : 1591241164711,
        "stepFunction" : null,
        "variables" : [ "W" ]
      },
      "outputVertex" : false,
      "preProcessor" : null
    },
    "batch_normalization_4" : {
      "@class" : "org.deeplearning4j.nn.conf.graph.LayerVertex",
      "layerConf" : {
        "cacheMode" : "NONE",
        "dataType" : "FLOAT",
        "epochCount" : 0,
        "iterationCount" : 0,
        "layer" : {
          "@class" : "org.deeplearning4j.nn.conf.layers.BatchNormalization",
          "activationFn" : {
            "@class" : "org.nd4j.linalg.activations.impl.ActivationSigmoid"
          },
          "beta" : 0.0,
          "biasInit" : 0.0,
          "biasUpdater" : null,
          "constraints" : null,
          "cudnnAllowFallback" : true,
          "decay" : 0.99,
          "eps" : 0.001,
          "gainInit" : 1.0,
          "gamma" : 1.0,
          "gradientNormalization" : "None",
          "gradientNormalizationThreshold" : 1.0,
          "idropout" : {
            "@class" : "org.deeplearning4j.nn.conf.dropout.Dropout",
            "p" : 1.0,
            "helperAllowFallback" : true,
            "initializedHelper" : false,
            "pschedule" : null
          },
          "iupdater" : {
            "@class" : "org.nd4j.linalg.learning.config.Sgd",
            "learningRate" : 0.001
          },
          "layerName" : "batch_normalization_4",
          "lockGammaBeta" : false,
          "minibatch" : true,
          "nin" : 128,
          "nout" : 128,
          "regularization" : [ ],
          "regularizationBias" : [ ],
          "useLogStd" : false,
          "weightInitFn" : {
            "@class" : "org.deeplearning4j.nn.weights.WeightInitXavier"
          },
          "weightNoise" : null
        },
        "maxNumLineSearchIterations" : 5,
        "miniBatch" : true,
        "minimize" : true,
        "optimizationAlgo" : "STOCHASTIC_GRADIENT_DESCENT",
        "seed" : 1591241164711,
        "stepFunction" : null,
        "variables" : [ "gamma", "beta", "mean", "var" ]
      },
      "outputVertex" : false,
      "preProcessor" : null
    },
    "activation_4" : {
      "@class" : "org.deeplearning4j.nn.conf.graph.LayerVertex",
      "layerConf" : {
        "cacheMode" : "NONE",
        "dataType" : "FLOAT",
        "epochCount" : 0,
        "iterationCount" : 0,
        "layer" : {
          "@class" : "org.deeplearning4j.nn.conf.layers.ActivationLayer",
          "activationFn" : {
            "@class" : "org.nd4j.linalg.activations.impl.ActivationReLU"
          },
          "constraints" : null,
          "gradientNormalization" : "None",
          "gradientNormalizationThreshold" : 0.0,
          "idropout" : null,
          "layerName" : "activation_4"
        },
        "maxNumLineSearchIterations" : 5,
        "miniBatch" : true,
        "minimize" : true,
        "optimizationAlgo" : "STOCHASTIC_GRADIENT_DESCENT",
        "seed" : 1591241164711,
        "stepFunction" : null,
        "variables" : [ ]
      },
      "outputVertex" : false,
      "preProcessor" : null
    },
    "conv2d_6" : {
      "@class" : "org.deeplearning4j.nn.conf.graph.LayerVertex",
      "layerConf" : {
        "cacheMode" : "NONE",
        "dataType" : "FLOAT",
        "epochCount" : 0,
        "iterationCount" : 0,
        "layer" : {
          "@class" : "org.deeplearning4j.nn.conf.layers.ConvolutionLayer",
          "activationFn" : {
            "@class" : "org.nd4j.linalg.activations.impl.ActivationIdentity"
          },
          "biasInit" : 0.0,
          "biasUpdater" : null,
          "constraints" : null,
          "convolutionMode" : "Same",
          "cudnnAlgoMode" : "PREFER_FASTEST",
          "cudnnAllowFallback" : true,
          "cudnnBwdDataAlgo" : null,
          "cudnnBwdFilterAlgo" : null,
          "cudnnFwdAlgo" : null,
          "dilation" : [ 1, 1 ],
          "gainInit" : 1.0,
          "gradientNormalization" : "None",
          "gradientNormalizationThreshold" : 1.0,
          "hasBias" : false,
          "idropout" : {
            "@class" : "org.deeplearning4j.nn.conf.dropout.Dropout",
            "p" : 1.0,
            "helperAllowFallback" : true,
            "initializedHelper" : false,
            "pschedule" : null
          },
          "iupdater" : {
            "@class" : "org.nd4j.linalg.learning.config.Sgd",
            "learningRate" : 0.001
          },
          "kernelSize" : [ 3, 3 ],
          "layerName" : "conv2d_6",
          "nin" : 128,
          "nout" : 128,
          "padding" : [ 0, 0 ],
          "regularization" : [ {
            "@class" : "org.nd4j.linalg.learning.regularization.L2Regularization",
            "l2" : {
              "@class" : "org.nd4j.linalg.schedule.FixedSchedule",
              "value" : 5.000000237487257E-4
            }
          } ],
          "regularizationBias" : [ ],
          "stride" : [ 1, 1 ],
          "weightInitFn" : {
            "@class" : "org.deeplearning4j.nn.weights.WeightInitVarScalingNormalFanIn",
            "scale" : 2.0
          },
          "weightNoise" : null
        },
        "maxNumLineSearchIterations" : 5,
        "miniBatch" : true,
        "minimize" : true,
        "optimizationAlgo" : "STOCHASTIC_GRADIENT_DESCENT",
        "seed" : 1591241164711,
        "stepFunction" : null,
        "variables" : [ "W" ]
      },
      "outputVertex" : false,
      "preProcessor" : null
    },
    "add_2" : {
      "@class" : "org.deeplearning4j.nn.conf.graph.ElementWiseVertex",
      "op" : "Add"
    },
    "batch_normalization_5" : {
      "@class" : "org.deeplearning4j.nn.conf.graph.LayerVertex",
      "layerConf" : {
        "cacheMode" : "NONE",
        "dataType" : "FLOAT",
        "epochCount" : 0,
        "iterationCount" : 0,
        "layer" : {
          "@class" : "org.deeplearning4j.nn.conf.layers.BatchNormalization",
          "activationFn" : {
            "@class" : "org.nd4j.linalg.activations.impl.ActivationSigmoid"
          },
          "beta" : 0.0,
          "biasInit" : 0.0,
          "biasUpdater" : null,
          "constraints" : null,
          "cudnnAllowFallback" : true,
          "decay" : 0.99,
          "eps" : 0.001,
          "gainInit" : 1.0,
          "gamma" : 1.0,
          "gradientNormalization" : "None",
          "gradientNormalizationThreshold" : 1.0,
          "idropout" : {
            "@class" : "org.deeplearning4j.nn.conf.dropout.Dropout",
            "p" : 1.0,
            "helperAllowFallback" : true,
            "initializedHelper" : false,
            "pschedule" : null
          },
          "iupdater" : {
            "@class" : "org.nd4j.linalg.learning.config.Sgd",
            "learningRate" : 0.001
          },
          "layerName" : "batch_normalization_5",
          "lockGammaBeta" : false,
          "minibatch" : true,
          "nin" : 128,
          "nout" : 128,
          "regularization" : [ ],
          "regularizationBias" : [ ],
          "useLogStd" : false,
          "weightInitFn" : {
            "@class" : "org.deeplearning4j.nn.weights.WeightInitXavier"
          },
          "weightNoise" : null
        },
        "maxNumLineSearchIterations" : 5,
        "miniBatch" : true,
        "minimize" : true,
        "optimizationAlgo" : "STOCHASTIC_GRADIENT_DESCENT",
        "seed" : 1591241164711,
        "stepFunction" : null,
        "variables" : [ "gamma", "beta", "mean", "var" ]
      },
      "outputVertex" : false,
      "preProcessor" : null
    },
    "activation_5" : {
      "@class" : "org.deeplearning4j.nn.conf.graph.LayerVertex",
      "layerConf" : {
        "cacheMode" : "NONE",
        "dataType" : "FLOAT",
        "epochCount" : 0,
        "iterationCount" : 0,
        "layer" : {
          "@class" : "org.deeplearning4j.nn.conf.layers.ActivationLayer",
          "activationFn" : {
            "@class" : "org.nd4j.linalg.activations.impl.ActivationReLU"
          },
          "constraints" : null,
          "gradientNormalization" : "None",
          "gradientNormalizationThreshold" : 0.0,
          "idropout" : null,
          "layerName" : "activation_5"
        },
        "maxNumLineSearchIterations" : 5,
        "miniBatch" : true,
        "minimize" : true,
        "optimizationAlgo" : "STOCHASTIC_GRADIENT_DESCENT",
        "seed" : 1591241164711,
        "stepFunction" : null,
        "variables" : [ ]
      },
      "outputVertex" : false,
      "preProcessor" : null
    },
    "conv2d_7" : {
      "@class" : "org.deeplearning4j.nn.conf.graph.LayerVertex",
      "layerConf" : {
        "cacheMode" : "NONE",
        "dataType" : "FLOAT",
        "epochCount" : 0,
        "iterationCount" : 0,
        "layer" : {
          "@class" : "org.deeplearning4j.nn.conf.layers.ConvolutionLayer",
          "activationFn" : {
            "@class" : "org.nd4j.linalg.activations.impl.ActivationIdentity"
          },
          "biasInit" : 0.0,
          "biasUpdater" : null,
          "constraints" : null,
          "convolutionMode" : "Same",
          "cudnnAlgoMode" : "PREFER_FASTEST",
          "cudnnAllowFallback" : true,
          "cudnnBwdDataAlgo" : null,
          "cudnnBwdFilterAlgo" : null,
          "cudnnFwdAlgo" : null,
          "dilation" : [ 1, 1 ],
          "gainInit" : 1.0,
          "gradientNormalization" : "None",
          "gradientNormalizationThreshold" : 1.0,
          "hasBias" : false,
          "idropout" : {
            "@class" : "org.deeplearning4j.nn.conf.dropout.Dropout",
            "p" : 1.0,
            "helperAllowFallback" : true,
            "initializedHelper" : false,
            "pschedule" : null
          },
          "iupdater" : {
            "@class" : "org.nd4j.linalg.learning.config.Sgd",
            "learningRate" : 0.001
          },
          "kernelSize" : [ 3, 3 ],
          "layerName" : "conv2d_7",
          "nin" : 128,
          "nout" : 256,
          "padding" : [ 0, 0 ],
          "regularization" : [ {
            "@class" : "org.nd4j.linalg.learning.regularization.L2Regularization",
            "l2" : {
              "@class" : "org.nd4j.linalg.schedule.FixedSchedule",
              "value" : 5.000000237487257E-4
            }
          } ],
          "regularizationBias" : [ ],
          "stride" : [ 2, 2 ],
          "weightInitFn" : {
            "@class" : "org.deeplearning4j.nn.weights.WeightInitVarScalingNormalFanIn",
            "scale" : 2.0
          },
          "weightNoise" : null
        },
        "maxNumLineSearchIterations" : 5,
        "miniBatch" : true,
        "minimize" : true,
        "optimizationAlgo" : "STOCHASTIC_GRADIENT_DESCENT",
        "seed" : 1591241164711,
        "stepFunction" : null,
        "variables" : [ "W" ]
      },
      "outputVertex" : false,
      "preProcessor" : null
    },
    "batch_normalization_6" : {
      "@class" : "org.deeplearning4j.nn.conf.graph.LayerVertex",
      "layerConf" : {
        "cacheMode" : "NONE",
        "dataType" : "FLOAT",
        "epochCount" : 0,
        "iterationCount" : 0,
        "layer" : {
          "@class" : "org.deeplearning4j.nn.conf.layers.BatchNormalization",
          "activationFn" : {
            "@class" : "org.nd4j.linalg.activations.impl.ActivationSigmoid"
          },
          "beta" : 0.0,
          "biasInit" : 0.0,
          "biasUpdater" : null,
          "constraints" : null,
          "cudnnAllowFallback" : true,
          "decay" : 0.99,
          "eps" : 0.001,
          "gainInit" : 1.0,
          "gamma" : 1.0,
          "gradientNormalization" : "None",
          "gradientNormalizationThreshold" : 1.0,
          "idropout" : {
            "@class" : "org.deeplearning4j.nn.conf.dropout.Dropout",
            "p" : 1.0,
            "helperAllowFallback" : true,
            "initializedHelper" : false,
            "pschedule" : null
          },
          "iupdater" : {
            "@class" : "org.nd4j.linalg.learning.config.Sgd",
            "learningRate" : 0.001
          },
          "layerName" : "batch_normalization_6",
          "lockGammaBeta" : false,
          "minibatch" : true,
          "nin" : 256,
          "nout" : 256,
          "regularization" : [ ],
          "regularizationBias" : [ ],
          "useLogStd" : false,
          "weightInitFn" : {
            "@class" : "org.deeplearning4j.nn.weights.WeightInitXavier"
          },
          "weightNoise" : null
        },
        "maxNumLineSearchIterations" : 5,
        "miniBatch" : true,
        "minimize" : true,
        "optimizationAlgo" : "STOCHASTIC_GRADIENT_DESCENT",
        "seed" : 1591241164711,
        "stepFunction" : null,
        "variables" : [ "gamma", "beta", "mean", "var" ]
      },
      "outputVertex" : false,
      "preProcessor" : null
    },
    "activation_6" : {
      "@class" : "org.deeplearning4j.nn.conf.graph.LayerVertex",
      "layerConf" : {
        "cacheMode" : "NONE",
        "dataType" : "FLOAT",
        "epochCount" : 0,
        "iterationCount" : 0,
        "layer" : {
          "@class" : "org.deeplearning4j.nn.conf.layers.ActivationLayer",
          "activationFn" : {
            "@class" : "org.nd4j.linalg.activations.impl.ActivationReLU"
          },
          "constraints" : null,
          "gradientNormalization" : "None",
          "gradientNormalizationThreshold" : 0.0,
          "idropout" : null,
          "layerName" : "activation_6"
        },
        "maxNumLineSearchIterations" : 5,
        "miniBatch" : true,
        "minimize" : true,
        "optimizationAlgo" : "STOCHASTIC_GRADIENT_DESCENT",
        "seed" : 1591241164711,
        "stepFunction" : null,
        "variables" : [ ]
      },
      "outputVertex" : false,
      "preProcessor" : null
    },
    "conv2d_8" : {
      "@class" : "org.deeplearning4j.nn.conf.graph.LayerVertex",
      "layerConf" : {
        "cacheMode" : "NONE",
        "dataType" : "FLOAT",
        "epochCount" : 0,
        "iterationCount" : 0,
        "layer" : {
          "@class" : "org.deeplearning4j.nn.conf.layers.ConvolutionLayer",
          "activationFn" : {
            "@class" : "org.nd4j.linalg.activations.impl.ActivationIdentity"
          },
          "biasInit" : 0.0,
          "biasUpdater" : null,
          "constraints" : null,
          "convolutionMode" : "Same",
          "cudnnAlgoMode" : "PREFER_FASTEST",
          "cudnnAllowFallback" : true,
          "cudnnBwdDataAlgo" : null,
          "cudnnBwdFilterAlgo" : null,
          "cudnnFwdAlgo" : null,
          "dilation" : [ 1, 1 ],
          "gainInit" : 1.0,
          "gradientNormalization" : "None",
          "gradientNormalizationThreshold" : 1.0,
          "hasBias" : false,
          "idropout" : {
            "@class" : "org.deeplearning4j.nn.conf.dropout.Dropout",
            "p" : 1.0,
            "helperAllowFallback" : true,
            "initializedHelper" : false,
            "pschedule" : null
          },
          "iupdater" : {
            "@class" : "org.nd4j.linalg.learning.config.Sgd",
            "learningRate" : 0.001
          },
          "kernelSize" : [ 3, 3 ],
          "layerName" : "conv2d_8",
          "nin" : 256,
          "nout" : 256,
          "padding" : [ 0, 0 ],
          "regularization" : [ {
            "@class" : "org.nd4j.linalg.learning.regularization.L2Regularization",
            "l2" : {
              "@class" : "org.nd4j.linalg.schedule.FixedSchedule",
              "value" : 5.000000237487257E-4
            }
          } ],
          "regularizationBias" : [ ],
          "stride" : [ 1, 1 ],
          "weightInitFn" : {
            "@class" : "org.deeplearning4j.nn.weights.WeightInitVarScalingNormalFanIn",
            "scale" : 2.0
          },
          "weightNoise" : null
        },
        "maxNumLineSearchIterations" : 5,
        "miniBatch" : true,
        "minimize" : true,
        "optimizationAlgo" : "STOCHASTIC_GRADIENT_DESCENT",
        "seed" : 1591241164711,
        "stepFunction" : null,
        "variables" : [ "W" ]
      },
      "outputVertex" : false,
      "preProcessor" : null
    },
    "conv2d_9" : {
      "@class" : "org.deeplearning4j.nn.conf.graph.LayerVertex",
      "layerConf" : {
        "cacheMode" : "NONE",
        "dataType" : "FLOAT",
        "epochCount" : 0,
        "iterationCount" : 0,
        "layer" : {
          "@class" : "org.deeplearning4j.nn.conf.layers.ConvolutionLayer",
          "activationFn" : {
            "@class" : "org.nd4j.linalg.activations.impl.ActivationIdentity"
          },
          "biasInit" : 0.0,
          "biasUpdater" : null,
          "constraints" : null,
          "convolutionMode" : "Same",
          "cudnnAlgoMode" : "PREFER_FASTEST",
          "cudnnAllowFallback" : true,
          "cudnnBwdDataAlgo" : null,
          "cudnnBwdFilterAlgo" : null,
          "cudnnFwdAlgo" : null,
          "dilation" : [ 1, 1 ],
          "gainInit" : 1.0,
          "gradientNormalization" : "None",
          "gradientNormalizationThreshold" : 1.0,
          "hasBias" : false,
          "idropout" : {
            "@class" : "org.deeplearning4j.nn.conf.dropout.Dropout",
            "p" : 1.0,
            "helperAllowFallback" : true,
            "initializedHelper" : false,
            "pschedule" : null
          },
          "iupdater" : {
            "@class" : "org.nd4j.linalg.learning.config.Sgd",
            "learningRate" : 0.001
          },
          "kernelSize" : [ 1, 1 ],
          "layerName" : "conv2d_9",
          "nin" : 128,
          "nout" : 256,
          "padding" : [ 0, 0 ],
          "regularization" : [ {
            "@class" : "org.nd4j.linalg.learning.regularization.L2Regularization",
            "l2" : {
              "@class" : "org.nd4j.linalg.schedule.FixedSchedule",
              "value" : 5.000000237487257E-4
            }
          } ],
          "regularizationBias" : [ ],
          "stride" : [ 2, 2 ],
          "weightInitFn" : {
            "@class" : "org.deeplearning4j.nn.weights.WeightInitVarScalingNormalFanIn",
            "scale" : 2.0
          },
          "weightNoise" : null
        },
        "maxNumLineSearchIterations" : 5,
        "miniBatch" : true,
        "minimize" : true,
        "optimizationAlgo" : "STOCHASTIC_GRADIENT_DESCENT",
        "seed" : 1591241164711,
        "stepFunction" : null,
        "variables" : [ "W" ]
      },
      "outputVertex" : false,
      "preProcessor" : null
    },
    "add_3" : {
      "@class" : "org.deeplearning4j.nn.conf.graph.ElementWiseVertex",
      "op" : "Add"
    },
    "batch_normalization_7" : {
      "@class" : "org.deeplearning4j.nn.conf.graph.LayerVertex",
      "layerConf" : {
        "cacheMode" : "NONE",
        "dataType" : "FLOAT",
        "epochCount" : 0,
        "iterationCount" : 0,
        "layer" : {
          "@class" : "org.deeplearning4j.nn.conf.layers.BatchNormalization",
          "activationFn" : {
            "@class" : "org.nd4j.linalg.activations.impl.ActivationSigmoid"
          },
          "beta" : 0.0,
          "biasInit" : 0.0,
          "biasUpdater" : null,
          "constraints" : null,
          "cudnnAllowFallback" : true,
          "decay" : 0.99,
          "eps" : 0.001,
          "gainInit" : 1.0,
          "gamma" : 1.0,
          "gradientNormalization" : "None",
          "gradientNormalizationThreshold" : 1.0,
          "idropout" : {
            "@class" : "org.deeplearning4j.nn.conf.dropout.Dropout",
            "p" : 1.0,
            "helperAllowFallback" : true,
            "initializedHelper" : false,
            "pschedule" : null
          },
          "iupdater" : {
            "@class" : "org.nd4j.linalg.learning.config.Sgd",
            "learningRate" : 0.001
          },
          "layerName" : "batch_normalization_7",
          "lockGammaBeta" : false,
          "minibatch" : true,
          "nin" : 256,
          "nout" : 256,
          "regularization" : [ ],
          "regularizationBias" : [ ],
          "useLogStd" : false,
          "weightInitFn" : {
            "@class" : "org.deeplearning4j.nn.weights.WeightInitXavier"
          },
          "weightNoise" : null
        },
        "maxNumLineSearchIterations" : 5,
        "miniBatch" : true,
        "minimize" : true,
        "optimizationAlgo" : "STOCHASTIC_GRADIENT_DESCENT",
        "seed" : 1591241164711,
        "stepFunction" : null,
        "variables" : [ "gamma", "beta", "mean", "var" ]
      },
      "outputVertex" : false,
      "preProcessor" : null
    },
    "activation_7" : {
      "@class" : "org.deeplearning4j.nn.conf.graph.LayerVertex",
      "layerConf" : {
        "cacheMode" : "NONE",
        "dataType" : "FLOAT",
        "epochCount" : 0,
        "iterationCount" : 0,
        "layer" : {
          "@class" : "org.deeplearning4j.nn.conf.layers.ActivationLayer",
          "activationFn" : {
            "@class" : "org.nd4j.linalg.activations.impl.ActivationReLU"
          },
          "constraints" : null,
          "gradientNormalization" : "None",
          "gradientNormalizationThreshold" : 0.0,
          "idropout" : null,
          "layerName" : "activation_7"
        },
        "maxNumLineSearchIterations" : 5,
        "miniBatch" : true,
        "minimize" : true,
        "optimizationAlgo" : "STOCHASTIC_GRADIENT_DESCENT",
        "seed" : 1591241164711,
        "stepFunction" : null,
        "variables" : [ ]
      },
      "outputVertex" : false,
      "preProcessor" : null
    },
    "conv2d_10" : {
      "@class" : "org.deeplearning4j.nn.conf.graph.LayerVertex",
      "layerConf" : {
        "cacheMode" : "NONE",
        "dataType" : "FLOAT",
        "epochCount" : 0,
        "iterationCount" : 0,
        "layer" : {
          "@class" : "org.deeplearning4j.nn.conf.layers.ConvolutionLayer",
          "activationFn" : {
            "@class" : "org.nd4j.linalg.activations.impl.ActivationIdentity"
          },
          "biasInit" : 0.0,
          "biasUpdater" : null,
          "constraints" : null,
          "convolutionMode" : "Same",
          "cudnnAlgoMode" : "PREFER_FASTEST",
          "cudnnAllowFallback" : true,
          "cudnnBwdDataAlgo" : null,
          "cudnnBwdFilterAlgo" : null,
          "cudnnFwdAlgo" : null,
          "dilation" : [ 1, 1 ],
          "gainInit" : 1.0,
          "gradientNormalization" : "None",
          "gradientNormalizationThreshold" : 1.0,
          "hasBias" : false,
          "idropout" : {
            "@class" : "org.deeplearning4j.nn.conf.dropout.Dropout",
            "p" : 1.0,
            "helperAllowFallback" : true,
            "initializedHelper" : false,
            "pschedule" : null
          },
          "iupdater" : {
            "@class" : "org.nd4j.linalg.learning.config.Sgd",
            "learningRate" : 0.001
          },
          "kernelSize" : [ 3, 3 ],
          "layerName" : "conv2d_10",
          "nin" : 256,
          "nout" : 256,
          "padding" : [ 0, 0 ],
          "regularization" : [ {
            "@class" : "org.nd4j.linalg.learning.regularization.L2Regularization",
            "l2" : {
              "@class" : "org.nd4j.linalg.schedule.FixedSchedule",
              "value" : 5.000000237487257E-4
            }
          } ],
          "regularizationBias" : [ ],
          "stride" : [ 1, 1 ],
          "weightInitFn" : {
            "@class" : "org.deeplearning4j.nn.weights.WeightInitVarScalingNormalFanIn",
            "scale" : 2.0
          },
          "weightNoise" : null
        },
        "maxNumLineSearchIterations" : 5,
        "miniBatch" : true,
        "minimize" : true,
        "optimizationAlgo" : "STOCHASTIC_GRADIENT_DESCENT",
        "seed" : 1591241164711,
        "stepFunction" : null,
        "variables" : [ "W" ]
      },
      "outputVertex" : false,
      "preProcessor" : null
    },
    "batch_normalization_8" : {
      "@class" : "org.deeplearning4j.nn.conf.graph.LayerVertex",
      "layerConf" : {
        "cacheMode" : "NONE",
        "dataType" : "FLOAT",
        "epochCount" : 0,
        "iterationCount" : 0,
        "layer" : {
          "@class" : "org.deeplearning4j.nn.conf.layers.BatchNormalization",
          "activationFn" : {
            "@class" : "org.nd4j.linalg.activations.impl.ActivationSigmoid"
          },
          "beta" : 0.0,
          "biasInit" : 0.0,
          "biasUpdater" : null,
          "constraints" : null,
          "cudnnAllowFallback" : true,
          "decay" : 0.99,
          "eps" : 0.001,
          "gainInit" : 1.0,
          "gamma" : 1.0,
          "gradientNormalization" : "None",
          "gradientNormalizationThreshold" : 1.0,
          "idropout" : {
            "@class" : "org.deeplearning4j.nn.conf.dropout.Dropout",
            "p" : 1.0,
            "helperAllowFallback" : true,
            "initializedHelper" : false,
            "pschedule" : null
          },
          "iupdater" : {
            "@class" : "org.nd4j.linalg.learning.config.Sgd",
            "learningRate" : 0.001
          },
          "layerName" : "batch_normalization_8",
          "lockGammaBeta" : false,
          "minibatch" : true,
          "nin" : 256,
          "nout" : 256,
          "regularization" : [ ],
          "regularizationBias" : [ ],
          "useLogStd" : false,
          "weightInitFn" : {
            "@class" : "org.deeplearning4j.nn.weights.WeightInitXavier"
          },
          "weightNoise" : null
        },
        "maxNumLineSearchIterations" : 5,
        "miniBatch" : true,
        "minimize" : true,
        "optimizationAlgo" : "STOCHASTIC_GRADIENT_DESCENT",
        "seed" : 1591241164711,
        "stepFunction" : null,
        "variables" : [ "gamma", "beta", "mean", "var" ]
      },
      "outputVertex" : false,
      "preProcessor" : null
    },
    "activation_8" : {
      "@class" : "org.deeplearning4j.nn.conf.graph.LayerVertex",
      "layerConf" : {
        "cacheMode" : "NONE",
        "dataType" : "FLOAT",
        "epochCount" : 0,
        "iterationCount" : 0,
        "layer" : {
          "@class" : "org.deeplearning4j.nn.conf.layers.ActivationLayer",
          "activationFn" : {
            "@class" : "org.nd4j.linalg.activations.impl.ActivationReLU"
          },
          "constraints" : null,
          "gradientNormalization" : "None",
          "gradientNormalizationThreshold" : 0.0,
          "idropout" : null,
          "layerName" : "activation_8"
        },
        "maxNumLineSearchIterations" : 5,
        "miniBatch" : true,
        "minimize" : true,
        "optimizationAlgo" : "STOCHASTIC_GRADIENT_DESCENT",
        "seed" : 1591241164711,
        "stepFunction" : null,
        "variables" : [ ]
      },
      "outputVertex" : false,
      "preProcessor" : null
    },
    "conv2d_11" : {
      "@class" : "org.deeplearning4j.nn.conf.graph.LayerVertex",
      "layerConf" : {
        "cacheMode" : "NONE",
        "dataType" : "FLOAT",
        "epochCount" : 0,
        "iterationCount" : 0,
        "layer" : {
          "@class" : "org.deeplearning4j.nn.conf.layers.ConvolutionLayer",
          "activationFn" : {
            "@class" : "org.nd4j.linalg.activations.impl.ActivationIdentity"
          },
          "biasInit" : 0.0,
          "biasUpdater" : null,
          "constraints" : null,
          "convolutionMode" : "Same",
          "cudnnAlgoMode" : "PREFER_FASTEST",
          "cudnnAllowFallback" : true,
          "cudnnBwdDataAlgo" : null,
          "cudnnBwdFilterAlgo" : null,
          "cudnnFwdAlgo" : null,
          "dilation" : [ 1, 1 ],
          "gainInit" : 1.0,
          "gradientNormalization" : "None",
          "gradientNormalizationThreshold" : 1.0,
          "hasBias" : false,
          "idropout" : {
            "@class" : "org.deeplearning4j.nn.conf.dropout.Dropout",
            "p" : 1.0,
            "helperAllowFallback" : true,
            "initializedHelper" : false,
            "pschedule" : null
          },
          "iupdater" : {
            "@class" : "org.nd4j.linalg.learning.config.Sgd",
            "learningRate" : 0.001
          },
          "kernelSize" : [ 3, 3 ],
          "layerName" : "conv2d_11",
          "nin" : 256,
          "nout" : 256,
          "padding" : [ 0, 0 ],
          "regularization" : [ {
            "@class" : "org.nd4j.linalg.learning.regularization.L2Regularization",
            "l2" : {
              "@class" : "org.nd4j.linalg.schedule.FixedSchedule",
              "value" : 5.000000237487257E-4
            }
          } ],
          "regularizationBias" : [ ],
          "stride" : [ 1, 1 ],
          "weightInitFn" : {
            "@class" : "org.deeplearning4j.nn.weights.WeightInitVarScalingNormalFanIn",
            "scale" : 2.0
          },
          "weightNoise" : null
        },
        "maxNumLineSearchIterations" : 5,
        "miniBatch" : true,
        "minimize" : true,
        "optimizationAlgo" : "STOCHASTIC_GRADIENT_DESCENT",
        "seed" : 1591241164711,
        "stepFunction" : null,
        "variables" : [ "W" ]
      },
      "outputVertex" : false,
      "preProcessor" : null
    },
    "add_4" : {
      "@class" : "org.deeplearning4j.nn.conf.graph.ElementWiseVertex",
      "op" : "Add"
    },
    "batch_normalization_9" : {
      "@class" : "org.deeplearning4j.nn.conf.graph.LayerVertex",
      "layerConf" : {
        "cacheMode" : "NONE",
        "dataType" : "FLOAT",
        "epochCount" : 0,
        "iterationCount" : 0,
        "layer" : {
          "@class" : "org.deeplearning4j.nn.conf.layers.BatchNormalization",
          "activationFn" : {
            "@class" : "org.nd4j.linalg.activations.impl.ActivationSigmoid"
          },
          "beta" : 0.0,
          "biasInit" : 0.0,
          "biasUpdater" : null,
          "constraints" : null,
          "cudnnAllowFallback" : true,
          "decay" : 0.99,
          "eps" : 0.001,
          "gainInit" : 1.0,
          "gamma" : 1.0,
          "gradientNormalization" : "None",
          "gradientNormalizationThreshold" : 1.0,
          "idropout" : {
            "@class" : "org.deeplearning4j.nn.conf.dropout.Dropout",
            "p" : 1.0,
            "helperAllowFallback" : true,
            "initializedHelper" : false,
            "pschedule" : null
          },
          "iupdater" : {
            "@class" : "org.nd4j.linalg.learning.config.Sgd",
            "learningRate" : 0.001
          },
          "layerName" : "batch_normalization_9",
          "lockGammaBeta" : false,
          "minibatch" : true,
          "nin" : 256,
          "nout" : 256,
          "regularization" : [ ],
          "regularizationBias" : [ ],
          "useLogStd" : false,
          "weightInitFn" : {
            "@class" : "org.deeplearning4j.nn.weights.WeightInitXavier"
          },
          "weightNoise" : null
        },
        "maxNumLineSearchIterations" : 5,
        "miniBatch" : true,
        "minimize" : true,
        "optimizationAlgo" : "STOCHASTIC_GRADIENT_DESCENT",
        "seed" : 1591241164711,
        "stepFunction" : null,
        "variables" : [ "gamma", "beta", "mean", "var" ]
      },
      "outputVertex" : false,
      "preProcessor" : null
    },
    "activation_9" : {
      "@class" : "org.deeplearning4j.nn.conf.graph.LayerVertex",
      "layerConf" : {
        "cacheMode" : "NONE",
        "dataType" : "FLOAT",
        "epochCount" : 0,
        "iterationCount" : 0,
        "layer" : {
          "@class" : "org.deeplearning4j.nn.conf.layers.ActivationLayer",
          "activationFn" : {
            "@class" : "org.nd4j.linalg.activations.impl.ActivationReLU"
          },
          "constraints" : null,
          "gradientNormalization" : "None",
          "gradientNormalizationThreshold" : 0.0,
          "idropout" : null,
          "layerName" : "activation_9"
        },
        "maxNumLineSearchIterations" : 5,
        "miniBatch" : true,
        "minimize" : true,
        "optimizationAlgo" : "STOCHASTIC_GRADIENT_DESCENT",
        "seed" : 1591241164711,
        "stepFunction" : null,
        "variables" : [ ]
      },
      "outputVertex" : false,
      "preProcessor" : null
    },
    "conv2d_12" : {
      "@class" : "org.deeplearning4j.nn.conf.graph.LayerVertex",
      "layerConf" : {
        "cacheMode" : "NONE",
        "dataType" : "FLOAT",
        "epochCount" : 0,
        "iterationCount" : 0,
        "layer" : {
          "@class" : "org.deeplearning4j.nn.conf.layers.ConvolutionLayer",
          "activationFn" : {
            "@class" : "org.nd4j.linalg.activations.impl.ActivationIdentity"
          },
          "biasInit" : 0.0,
          "biasUpdater" : null,
          "constraints" : null,
          "convolutionMode" : "Same",
          "cudnnAlgoMode" : "PREFER_FASTEST",
          "cudnnAllowFallback" : true,
          "cudnnBwdDataAlgo" : null,
          "cudnnBwdFilterAlgo" : null,
          "cudnnFwdAlgo" : null,
          "dilation" : [ 1, 1 ],
          "gainInit" : 1.0,
          "gradientNormalization" : "None",
          "gradientNormalizationThreshold" : 1.0,
          "hasBias" : false,
          "idropout" : {
            "@class" : "org.deeplearning4j.nn.conf.dropout.Dropout",
            "p" : 1.0,
            "helperAllowFallback" : true,
            "initializedHelper" : false,
            "pschedule" : null
          },
          "iupdater" : {
            "@class" : "org.nd4j.linalg.learning.config.Sgd",
            "learningRate" : 0.001
          },
          "kernelSize" : [ 3, 3 ],
          "layerName" : "conv2d_12",
          "nin" : 256,
          "nout" : 512,
          "padding" : [ 0, 0 ],
          "regularization" : [ {
            "@class" : "org.nd4j.linalg.learning.regularization.L2Regularization",
            "l2" : {
              "@class" : "org.nd4j.linalg.schedule.FixedSchedule",
              "value" : 5.000000237487257E-4
            }
          } ],
          "regularizationBias" : [ ],
          "stride" : [ 2, 2 ],
          "weightInitFn" : {
            "@class" : "org.deeplearning4j.nn.weights.WeightInitVarScalingNormalFanIn",
            "scale" : 2.0
          },
          "weightNoise" : null
        },
        "maxNumLineSearchIterations" : 5,
        "miniBatch" : true,
        "minimize" : true,
        "optimizationAlgo" : "STOCHASTIC_GRADIENT_DESCENT",
        "seed" : 1591241164711,
        "stepFunction" : null,
        "variables" : [ "W" ]
      },
      "outputVertex" : false,
      "preProcessor" : null
    },
    "batch_normalization_10" : {
      "@class" : "org.deeplearning4j.nn.conf.graph.LayerVertex",
      "layerConf" : {
        "cacheMode" : "NONE",
        "dataType" : "FLOAT",
        "epochCount" : 0,
        "iterationCount" : 0,
        "layer" : {
          "@class" : "org.deeplearning4j.nn.conf.layers.BatchNormalization",
          "activationFn" : {
            "@class" : "org.nd4j.linalg.activations.impl.ActivationSigmoid"
          },
          "beta" : 0.0,
          "biasInit" : 0.0,
          "biasUpdater" : null,
          "constraints" : null,
          "cudnnAllowFallback" : true,
          "decay" : 0.99,
          "eps" : 0.001,
          "gainInit" : 1.0,
          "gamma" : 1.0,
          "gradientNormalization" : "None",
          "gradientNormalizationThreshold" : 1.0,
          "idropout" : {
            "@class" : "org.deeplearning4j.nn.conf.dropout.Dropout",
            "p" : 1.0,
            "helperAllowFallback" : true,
            "initializedHelper" : false,
            "pschedule" : null
          },
          "iupdater" : {
            "@class" : "org.nd4j.linalg.learning.config.Sgd",
            "learningRate" : 0.001
          },
          "layerName" : "batch_normalization_10",
          "lockGammaBeta" : false,
          "minibatch" : true,
          "nin" : 512,
          "nout" : 512,
          "regularization" : [ ],
          "regularizationBias" : [ ],
          "useLogStd" : false,
          "weightInitFn" : {
            "@class" : "org.deeplearning4j.nn.weights.WeightInitXavier"
          },
          "weightNoise" : null
        },
        "maxNumLineSearchIterations" : 5,
        "miniBatch" : true,
        "minimize" : true,
        "optimizationAlgo" : "STOCHASTIC_GRADIENT_DESCENT",
        "seed" : 1591241164711,
        "stepFunction" : null,
        "variables" : [ "gamma", "beta", "mean", "var" ]
      },
      "outputVertex" : false,
      "preProcessor" : null
    },
    "activation_10" : {
      "@class" : "org.deeplearning4j.nn.conf.graph.LayerVertex",
      "layerConf" : {
        "cacheMode" : "NONE",
        "dataType" : "FLOAT",
        "epochCount" : 0,
        "iterationCount" : 0,
        "layer" : {
          "@class" : "org.deeplearning4j.nn.conf.layers.ActivationLayer",
          "activationFn" : {
            "@class" : "org.nd4j.linalg.activations.impl.ActivationReLU"
          },
          "constraints" : null,
          "gradientNormalization" : "None",
          "gradientNormalizationThreshold" : 0.0,
          "idropout" : null,
          "layerName" : "activation_10"
        },
        "maxNumLineSearchIterations" : 5,
        "miniBatch" : true,
        "minimize" : true,
        "optimizationAlgo" : "STOCHASTIC_GRADIENT_DESCENT",
        "seed" : 1591241164711,
        "stepFunction" : null,
        "variables" : [ ]
      },
      "outputVertex" : false,
      "preProcessor" : null
    },
    "conv2d_13" : {
      "@class" : "org.deeplearning4j.nn.conf.graph.LayerVertex",
      "layerConf" : {
        "cacheMode" : "NONE",
        "dataType" : "FLOAT",
        "epochCount" : 0,
        "iterationCount" : 0,
        "layer" : {
          "@class" : "org.deeplearning4j.nn.conf.layers.ConvolutionLayer",
          "activationFn" : {
            "@class" : "org.nd4j.linalg.activations.impl.ActivationIdentity"
          },
          "biasInit" : 0.0,
          "biasUpdater" : null,
          "constraints" : null,
          "convolutionMode" : "Same",
          "cudnnAlgoMode" : "PREFER_FASTEST",
          "cudnnAllowFallback" : true,
          "cudnnBwdDataAlgo" : null,
          "cudnnBwdFilterAlgo" : null,
          "cudnnFwdAlgo" : null,
          "dilation" : [ 1, 1 ],
          "gainInit" : 1.0,
          "gradientNormalization" : "None",
          "gradientNormalizationThreshold" : 1.0,
          "hasBias" : false,
          "idropout" : {
            "@class" : "org.deeplearning4j.nn.conf.dropout.Dropout",
            "p" : 1.0,
            "helperAllowFallback" : true,
            "initializedHelper" : false,
            "pschedule" : null
          },
          "iupdater" : {
            "@class" : "org.nd4j.linalg.learning.config.Sgd",
            "learningRate" : 0.001
          },
          "kernelSize" : [ 3, 3 ],
          "layerName" : "conv2d_13",
          "nin" : 512,
          "nout" : 512,
          "padding" : [ 0, 0 ],
          "regularization" : [ {
            "@class" : "org.nd4j.linalg.learning.regularization.L2Regularization",
            "l2" : {
              "@class" : "org.nd4j.linalg.schedule.FixedSchedule",
              "value" : 5.000000237487257E-4
            }
          } ],
          "regularizationBias" : [ ],
          "stride" : [ 1, 1 ],
          "weightInitFn" : {
            "@class" : "org.deeplearning4j.nn.weights.WeightInitVarScalingNormalFanIn",
            "scale" : 2.0
          },
          "weightNoise" : null
        },
        "maxNumLineSearchIterations" : 5,
        "miniBatch" : true,
        "minimize" : true,
        "optimizationAlgo" : "STOCHASTIC_GRADIENT_DESCENT",
        "seed" : 1591241164711,
        "stepFunction" : null,
        "variables" : [ "W" ]
      },
      "outputVertex" : false,
      "preProcessor" : null
    },
    "conv2d_14" : {
      "@class" : "org.deeplearning4j.nn.conf.graph.LayerVertex",
      "layerConf" : {
        "cacheMode" : "NONE",
        "dataType" : "FLOAT",
        "epochCount" : 0,
        "iterationCount" : 0,
        "layer" : {
          "@class" : "org.deeplearning4j.nn.conf.layers.ConvolutionLayer",
          "activationFn" : {
            "@class" : "org.nd4j.linalg.activations.impl.ActivationIdentity"
          },
          "biasInit" : 0.0,
          "biasUpdater" : null,
          "constraints" : null,
          "convolutionMode" : "Same",
          "cudnnAlgoMode" : "PREFER_FASTEST",
          "cudnnAllowFallback" : true,
          "cudnnBwdDataAlgo" : null,
          "cudnnBwdFilterAlgo" : null,
          "cudnnFwdAlgo" : null,
          "dilation" : [ 1, 1 ],
          "gainInit" : 1.0,
          "gradientNormalization" : "None",
          "gradientNormalizationThreshold" : 1.0,
          "hasBias" : false,
          "idropout" : {
            "@class" : "org.deeplearning4j.nn.conf.dropout.Dropout",
            "p" : 1.0,
            "helperAllowFallback" : true,
            "initializedHelper" : false,
            "pschedule" : null
          },
          "iupdater" : {
            "@class" : "org.nd4j.linalg.learning.config.Sgd",
            "learningRate" : 0.001
          },
          "kernelSize" : [ 1, 1 ],
          "layerName" : "conv2d_14",
          "nin" : 256,
          "nout" : 512,
          "padding" : [ 0, 0 ],
          "regularization" : [ {
            "@class" : "org.nd4j.linalg.learning.regularization.L2Regularization",
            "l2" : {
              "@class" : "org.nd4j.linalg.schedule.FixedSchedule",
              "value" : 5.000000237487257E-4
            }
          } ],
          "regularizationBias" : [ ],
          "stride" : [ 2, 2 ],
          "weightInitFn" : {
            "@class" : "org.deeplearning4j.nn.weights.WeightInitVarScalingNormalFanIn",
            "scale" : 2.0
          },
          "weightNoise" : null
        },
        "maxNumLineSearchIterations" : 5,
        "miniBatch" : true,
        "minimize" : true,
        "optimizationAlgo" : "STOCHASTIC_GRADIENT_DESCENT",
        "seed" : 1591241164711,
        "stepFunction" : null,
        "variables" : [ "W" ]
      },
      "outputVertex" : false,
      "preProcessor" : null
    },
    "add_5" : {
      "@class" : "org.deeplearning4j.nn.conf.graph.ElementWiseVertex",
      "op" : "Add"
    },
    "batch_normalization_11" : {
      "@class" : "org.deeplearning4j.nn.conf.graph.LayerVertex",
      "layerConf" : {
        "cacheMode" : "NONE",
        "dataType" : "FLOAT",
        "epochCount" : 0,
        "iterationCount" : 0,
        "layer" : {
          "@class" : "org.deeplearning4j.nn.conf.layers.BatchNormalization",
          "activationFn" : {
            "@class" : "org.nd4j.linalg.activations.impl.ActivationSigmoid"
          },
          "beta" : 0.0,
          "biasInit" : 0.0,
          "biasUpdater" : null,
          "constraints" : null,
          "cudnnAllowFallback" : true,
          "decay" : 0.99,
          "eps" : 0.001,
          "gainInit" : 1.0,
          "gamma" : 1.0,
          "gradientNormalization" : "None",
          "gradientNormalizationThreshold" : 1.0,
          "idropout" : {
            "@class" : "org.deeplearning4j.nn.conf.dropout.Dropout",
            "p" : 1.0,
            "helperAllowFallback" : true,
            "initializedHelper" : false,
            "pschedule" : null
          },
          "iupdater" : {
            "@class" : "org.nd4j.linalg.learning.config.Sgd",
            "learningRate" : 0.001
          },
          "layerName" : "batch_normalization_11",
          "lockGammaBeta" : false,
          "minibatch" : true,
          "nin" : 512,
          "nout" : 512,
          "regularization" : [ ],
          "regularizationBias" : [ ],
          "useLogStd" : false,
          "weightInitFn" : {
            "@class" : "org.deeplearning4j.nn.weights.WeightInitXavier"
          },
          "weightNoise" : null
        },
        "maxNumLineSearchIterations" : 5,
        "miniBatch" : true,
        "minimize" : true,
        "optimizationAlgo" : "STOCHASTIC_GRADIENT_DESCENT",
        "seed" : 1591241164711,
        "stepFunction" : null,
        "variables" : [ "gamma", "beta", "mean", "var" ]
      },
      "outputVertex" : false,
      "preProcessor" : null
    },
    "activation_11" : {
      "@class" : "org.deeplearning4j.nn.conf.graph.LayerVertex",
      "layerConf" : {
        "cacheMode" : "NONE",
        "dataType" : "FLOAT",
        "epochCount" : 0,
        "iterationCount" : 0,
        "layer" : {
          "@class" : "org.deeplearning4j.nn.conf.layers.ActivationLayer",
          "activationFn" : {
            "@class" : "org.nd4j.linalg.activations.impl.ActivationReLU"
          },
          "constraints" : null,
          "gradientNormalization" : "None",
          "gradientNormalizationThreshold" : 0.0,
          "idropout" : null,
          "layerName" : "activation_11"
        },
        "maxNumLineSearchIterations" : 5,
        "miniBatch" : true,
        "minimize" : true,
        "optimizationAlgo" : "STOCHASTIC_GRADIENT_DESCENT",
        "seed" : 1591241164711,
        "stepFunction" : null,
        "variables" : [ ]
      },
      "outputVertex" : false,
      "preProcessor" : null
    },
    "conv2d_15" : {
      "@class" : "org.deeplearning4j.nn.conf.graph.LayerVertex",
      "layerConf" : {
        "cacheMode" : "NONE",
        "dataType" : "FLOAT",
        "epochCount" : 0,
        "iterationCount" : 0,
        "layer" : {
          "@class" : "org.deeplearning4j.nn.conf.layers.ConvolutionLayer",
          "activationFn" : {
            "@class" : "org.nd4j.linalg.activations.impl.ActivationIdentity"
          },
          "biasInit" : 0.0,
          "biasUpdater" : null,
          "constraints" : null,
          "convolutionMode" : "Same",
          "cudnnAlgoMode" : "PREFER_FASTEST",
          "cudnnAllowFallback" : true,
          "cudnnBwdDataAlgo" : null,
          "cudnnBwdFilterAlgo" : null,
          "cudnnFwdAlgo" : null,
          "dilation" : [ 1, 1 ],
          "gainInit" : 1.0,
          "gradientNormalization" : "None",
          "gradientNormalizationThreshold" : 1.0,
          "hasBias" : false,
          "idropout" : {
            "@class" : "org.deeplearning4j.nn.conf.dropout.Dropout",
            "p" : 1.0,
            "helperAllowFallback" : true,
            "initializedHelper" : false,
            "pschedule" : null
          },
          "iupdater" : {
            "@class" : "org.nd4j.linalg.learning.config.Sgd",
            "learningRate" : 0.001
          },
          "kernelSize" : [ 3, 3 ],
          "layerName" : "conv2d_15",
          "nin" : 512,
          "nout" : 512,
          "padding" : [ 0, 0 ],
          "regularization" : [ {
            "@class" : "org.nd4j.linalg.learning.regularization.L2Regularization",
            "l2" : {
              "@class" : "org.nd4j.linalg.schedule.FixedSchedule",
              "value" : 5.000000237487257E-4
            }
          } ],
          "regularizationBias" : [ ],
          "stride" : [ 1, 1 ],
          "weightInitFn" : {
            "@class" : "org.deeplearning4j.nn.weights.WeightInitVarScalingNormalFanIn",
            "scale" : 2.0
          },
          "weightNoise" : null
        },
        "maxNumLineSearchIterations" : 5,
        "miniBatch" : true,
        "minimize" : true,
        "optimizationAlgo" : "STOCHASTIC_GRADIENT_DESCENT",
        "seed" : 1591241164711,
        "stepFunction" : null,
        "variables" : [ "W" ]
      },
      "outputVertex" : false,
      "preProcessor" : null
    },
    "batch_normalization_12" : {
      "@class" : "org.deeplearning4j.nn.conf.graph.LayerVertex",
      "layerConf" : {
        "cacheMode" : "NONE",
        "dataType" : "FLOAT",
        "epochCount" : 0,
        "iterationCount" : 0,
        "layer" : {
          "@class" : "org.deeplearning4j.nn.conf.layers.BatchNormalization",
          "activationFn" : {
            "@class" : "org.nd4j.linalg.activations.impl.ActivationSigmoid"
          },
          "beta" : 0.0,
          "biasInit" : 0.0,
          "biasUpdater" : null,
          "constraints" : null,
          "cudnnAllowFallback" : true,
          "decay" : 0.99,
          "eps" : 0.001,
          "gainInit" : 1.0,
          "gamma" : 1.0,
          "gradientNormalization" : "None",
          "gradientNormalizationThreshold" : 1.0,
          "idropout" : {
            "@class" : "org.deeplearning4j.nn.conf.dropout.Dropout",
            "p" : 1.0,
            "helperAllowFallback" : true,
            "initializedHelper" : false,
            "pschedule" : null
          },
          "iupdater" : {
            "@class" : "org.nd4j.linalg.learning.config.Sgd",
            "learningRate" : 0.001
          },
          "layerName" : "batch_normalization_12",
          "lockGammaBeta" : false,
          "minibatch" : true,
          "nin" : 512,
          "nout" : 512,
          "regularization" : [ ],
          "regularizationBias" : [ ],
          "useLogStd" : false,
          "weightInitFn" : {
            "@class" : "org.deeplearning4j.nn.weights.WeightInitXavier"
          },
          "weightNoise" : null
        },
        "maxNumLineSearchIterations" : 5,
        "miniBatch" : true,
        "minimize" : true,
        "optimizationAlgo" : "STOCHASTIC_GRADIENT_DESCENT",
        "seed" : 1591241164711,
        "stepFunction" : null,
        "variables" : [ "gamma", "beta", "mean", "var" ]
      },
      "outputVertex" : false,
      "preProcessor" : null
    },
    "activation_12" : {
      "@class" : "org.deeplearning4j.nn.conf.graph.LayerVertex",
      "layerConf" : {
        "cacheMode" : "NONE",
        "dataType" : "FLOAT",
        "epochCount" : 0,
        "iterationCount" : 0,
        "layer" : {
          "@class" : "org.deeplearning4j.nn.conf.layers.ActivationLayer",
          "activationFn" : {
            "@class" : "org.nd4j.linalg.activations.impl.ActivationReLU"
          },
          "constraints" : null,
          "gradientNormalization" : "None",
          "gradientNormalizationThreshold" : 0.0,
          "idropout" : null,
          "layerName" : "activation_12"
        },
        "maxNumLineSearchIterations" : 5,
        "miniBatch" : true,
        "minimize" : true,
        "optimizationAlgo" : "STOCHASTIC_GRADIENT_DESCENT",
        "seed" : 1591241164711,
        "stepFunction" : null,
        "variables" : [ ]
      },
      "outputVertex" : false,
      "preProcessor" : null
    },
    "conv2d_16" : {
      "@class" : "org.deeplearning4j.nn.conf.graph.LayerVertex",
      "layerConf" : {
        "cacheMode" : "NONE",
        "dataType" : "FLOAT",
        "epochCount" : 0,
        "iterationCount" : 0,
        "layer" : {
          "@class" : "org.deeplearning4j.nn.conf.layers.ConvolutionLayer",
          "activationFn" : {
            "@class" : "org.nd4j.linalg.activations.impl.ActivationIdentity"
          },
          "biasInit" : 0.0,
          "biasUpdater" : null,
          "constraints" : null,
          "convolutionMode" : "Same",
          "cudnnAlgoMode" : "PREFER_FASTEST",
          "cudnnAllowFallback" : true,
          "cudnnBwdDataAlgo" : null,
          "cudnnBwdFilterAlgo" : null,
          "cudnnFwdAlgo" : null,
          "dilation" : [ 1, 1 ],
          "gainInit" : 1.0,
          "gradientNormalization" : "None",
          "gradientNormalizationThreshold" : 1.0,
          "hasBias" : false,
          "idropout" : {
            "@class" : "org.deeplearning4j.nn.conf.dropout.Dropout",
            "p" : 1.0,
            "helperAllowFallback" : true,
            "initializedHelper" : false,
            "pschedule" : null
          },
          "iupdater" : {
            "@class" : "org.nd4j.linalg.learning.config.Sgd",
            "learningRate" : 0.001
          },
          "kernelSize" : [ 3, 3 ],
          "layerName" : "conv2d_16",
          "nin" : 512,
          "nout" : 512,
          "padding" : [ 0, 0 ],
          "regularization" : [ {
            "@class" : "org.nd4j.linalg.learning.regularization.L2Regularization",
            "l2" : {
              "@class" : "org.nd4j.linalg.schedule.FixedSchedule",
              "value" : 5.000000237487257E-4
            }
          } ],
          "regularizationBias" : [ ],
          "stride" : [ 1, 1 ],
          "weightInitFn" : {
            "@class" : "org.deeplearning4j.nn.weights.WeightInitVarScalingNormalFanIn",
            "scale" : 2.0
          },
          "weightNoise" : null
        },
        "maxNumLineSearchIterations" : 5,
        "miniBatch" : true,
        "minimize" : true,
        "optimizationAlgo" : "STOCHASTIC_GRADIENT_DESCENT",
        "seed" : 1591241164711,
        "stepFunction" : null,
        "variables" : [ "W" ]
      },
      "outputVertex" : false,
      "preProcessor" : null
    },
    "add_6" : {
      "@class" : "org.deeplearning4j.nn.conf.graph.ElementWiseVertex",
      "op" : "Add"
    },
    "batch_normalization_13" : {
      "@class" : "org.deeplearning4j.nn.conf.graph.LayerVertex",
      "layerConf" : {
        "cacheMode" : "NONE",
        "dataType" : "FLOAT",
        "epochCount" : 0,
        "iterationCount" : 0,
        "layer" : {
          "@class" : "org.deeplearning4j.nn.conf.layers.BatchNormalization",
          "activationFn" : {
            "@class" : "org.nd4j.linalg.activations.impl.ActivationSigmoid"
          },
          "beta" : 0.0,
          "biasInit" : 0.0,
          "biasUpdater" : null,
          "constraints" : null,
          "cudnnAllowFallback" : true,
          "decay" : 0.99,
          "eps" : 0.001,
          "gainInit" : 1.0,
          "gamma" : 1.0,
          "gradientNormalization" : "None",
          "gradientNormalizationThreshold" : 1.0,
          "idropout" : {
            "@class" : "org.deeplearning4j.nn.conf.dropout.Dropout",
            "p" : 1.0,
            "helperAllowFallback" : true,
            "initializedHelper" : false,
            "pschedule" : null
          },
          "iupdater" : {
            "@class" : "org.nd4j.linalg.learning.config.Sgd",
            "learningRate" : 0.001
          },
          "layerName" : "batch_normalization_13",
          "lockGammaBeta" : false,
          "minibatch" : true,
          "nin" : 512,
          "nout" : 512,
          "regularization" : [ ],
          "regularizationBias" : [ ],
          "useLogStd" : false,
          "weightInitFn" : {
            "@class" : "org.deeplearning4j.nn.weights.WeightInitXavier"
          },
          "weightNoise" : null
        },
        "maxNumLineSearchIterations" : 5,
        "miniBatch" : true,
        "minimize" : true,
        "optimizationAlgo" : "STOCHASTIC_GRADIENT_DESCENT",
        "seed" : 1591241164711,
        "stepFunction" : null,
        "variables" : [ "gamma", "beta", "mean", "var" ]
      },
      "outputVertex" : false,
      "preProcessor" : null
    },
    "activation_13" : {
      "@class" : "org.deeplearning4j.nn.conf.graph.LayerVertex",
      "layerConf" : {
        "cacheMode" : "NONE",
        "dataType" : "FLOAT",
        "epochCount" : 0,
        "iterationCount" : 0,
        "layer" : {
          "@class" : "org.deeplearning4j.nn.conf.layers.ActivationLayer",
          "activationFn" : {
            "@class" : "org.nd4j.linalg.activations.impl.ActivationReLU"
          },
          "constraints" : null,
          "gradientNormalization" : "None",
          "gradientNormalizationThreshold" : 0.0,
          "idropout" : null,
          "layerName" : "activation_13"
        },
        "maxNumLineSearchIterations" : 5,
        "miniBatch" : true,
        "minimize" : true,
        "optimizationAlgo" : "STOCHASTIC_GRADIENT_DESCENT",
        "seed" : 1591241164711,
        "stepFunction" : null,
        "variables" : [ ]
      },
      "outputVertex" : false,
      "preProcessor" : null
    },
    "max_pooling2d_1" : {
      "@class" : "org.deeplearning4j.nn.conf.graph.LayerVertex",
      "layerConf" : {
        "cacheMode" : "NONE",
        "dataType" : "FLOAT",
        "epochCount" : 0,
        "iterationCount" : 0,
        "layer" : {
          "@class" : "org.deeplearning4j.nn.conf.layers.SubsamplingLayer",
          "avgPoolIncludePadInDivisor" : false,
          "constraints" : null,
          "convolutionMode" : "Same",
          "cudnnAllowFallback" : true,
          "dilation" : [ 1, 1 ],
          "eps" : 1.0E-8,
          "gradientNormalization" : "None",
          "gradientNormalizationThreshold" : 0.0,
          "idropout" : {
            "@class" : "org.deeplearning4j.nn.conf.dropout.Dropout",
            "p" : 1.0,
            "helperAllowFallback" : true,
            "initializedHelper" : false,
            "pschedule" : null
          },
          "kernelSize" : [ 8, 8 ],
          "layerName" : "max_pooling2d_1",
          "padding" : [ 0, 0 ],
          "pnorm" : 0,
          "poolingType" : "MAX",
          "stride" : [ 1, 1 ]
        },
        "maxNumLineSearchIterations" : 5,
        "miniBatch" : true,
        "minimize" : true,
        "optimizationAlgo" : "STOCHASTIC_GRADIENT_DESCENT",
        "seed" : 1591241164711,
        "stepFunction" : null,
        "variables" : [ ]
      },
      "outputVertex" : false,
      "preProcessor" : null
    },
    "flatten_1" : {
      "@class" : "org.deeplearning4j.nn.conf.graph.PreprocessorVertex",
      "preProcessor" : {
        "@class" : "org.deeplearning4j.nn.modelimport.keras.preprocessors.TensorFlowCnnToFeedForwardPreProcessor",
        "inputHeight" : 16,
        "inputWidth" : 16,
        "numChannels" : 512
      }
    },
    "pred_gender" : {
      "@class" : "org.deeplearning4j.nn.conf.graph.LayerVertex",
      "layerConf" : {
        "cacheMode" : "NONE",
        "dataType" : "FLOAT",
        "epochCount" : 0,
        "iterationCount" : 0,
        "layer" : {
          "@class" : "org.deeplearning4j.nn.conf.layers.DenseLayer",
          "activationFn" : {
            "@class" : "org.nd4j.linalg.activations.impl.ActivationSoftmax"
          },
          "biasInit" : 0.0,
          "biasUpdater" : null,
          "constraints" : null,
          "gainInit" : 1.0,
          "gradientNormalization" : "None",
          "gradientNormalizationThreshold" : 1.0,
          "hasBias" : false,
          "hasLayerNorm" : false,
          "idropout" : {
            "@class" : "org.deeplearning4j.nn.conf.dropout.Dropout",
            "p" : 1.0,
            "helperAllowFallback" : true,
            "initializedHelper" : false,
            "pschedule" : null
          },
          "iupdater" : {
            "@class" : "org.nd4j.linalg.learning.config.Sgd",
            "learningRate" : 0.001
          },
          "layerName" : "pred_gender",
          "nin" : 131072,
          "nout" : 2,
          "regularization" : [ {
            "@class" : "org.nd4j.linalg.learning.regularization.L2Regularization",
            "l2" : {
              "@class" : "org.nd4j.linalg.schedule.FixedSchedule",
              "value" : 5.000000237487257E-4
            }
          } ],
          "regularizationBias" : [ ],
          "weightInitFn" : {
            "@class" : "org.deeplearning4j.nn.weights.WeightInitVarScalingNormalFanIn",
            "scale" : 2.0
          },
          "weightNoise" : null
        },
        "maxNumLineSearchIterations" : 5,
        "miniBatch" : true,
        "minimize" : true,
        "optimizationAlgo" : "STOCHASTIC_GRADIENT_DESCENT",
        "seed" : 1591241164711,
        "stepFunction" : null,
        "variables" : [ "W" ]
      },
      "outputVertex" : false,
      "preProcessor" : null
    },
    "pred_age" : {
      "@class" : "org.deeplearning4j.nn.conf.graph.LayerVertex",
      "layerConf" : {
        "cacheMode" : "NONE",
        "dataType" : "FLOAT",
        "epochCount" : 0,
        "iterationCount" : 0,
        "layer" : {
          "@class" : "org.deeplearning4j.nn.conf.layers.DenseLayer",
          "activationFn" : {
            "@class" : "org.nd4j.linalg.activations.impl.ActivationSoftmax"
          },
          "biasInit" : 0.0,
          "biasUpdater" : null,
          "constraints" : null,
          "gainInit" : 1.0,
          "gradientNormalization" : "None",
          "gradientNormalizationThreshold" : 1.0,
          "hasBias" : false,
          "hasLayerNorm" : false,
          "idropout" : {
            "@class" : "org.deeplearning4j.nn.conf.dropout.Dropout",
            "p" : 1.0,
            "helperAllowFallback" : true,
            "initializedHelper" : false,
            "pschedule" : null
          },
          "iupdater" : {
            "@class" : "org.nd4j.linalg.learning.config.Sgd",
            "learningRate" : 0.001
          },
          "layerName" : "pred_age",
          "nin" : 131072,
          "nout" : 101,
          "regularization" : [ {
            "@class" : "org.nd4j.linalg.learning.regularization.L2Regularization",
            "l2" : {
              "@class" : "org.nd4j.linalg.schedule.FixedSchedule",
              "value" : 5.000000237487257E-4
            }
          } ],
          "regularizationBias" : [ ],
          "weightInitFn" : {
            "@class" : "org.deeplearning4j.nn.weights.WeightInitVarScalingNormalFanIn",
            "scale" : 2.0
          },
          "weightNoise" : null
        },
        "maxNumLineSearchIterations" : 5,
        "miniBatch" : true,
        "minimize" : true,
        "optimizationAlgo" : "STOCHASTIC_GRADIENT_DESCENT",
        "seed" : 1591241164711,
        "stepFunction" : null,
        "variables" : [ "W" ]
      },
      "outputVertex" : false,
      "preProcessor" : null
    }
  }
}